Element Length (m),Deflection error (%)
0.25,31.909894078216883
0.3333333333333333,27.640759870292175
0.5,18.703196523501553
1.0,6.024322266954962e-09
0.5,1.1561361445548728
0.6666666666666666,2.8776860607637933
1.0,1.0252565456356608e-09
1.0,3.0808084169787863e-09
1.3333333333333333,0.43047401238605454
2.0,15.689666586253685
1.25,0.8632852962171083
1.6666666666666667,3.6252090692706505
2.5,7.173722115550114
1.5,1.340943101336576
2.0,2.1419824127080247
3.0,12.435050184453262
