alpha1,alpha2,beta1,beta2,gamma1,gamma2
20.337009224063404,20.337320861698398,24.940558368593933,24.941076469236926,26.51421069576494,26.514973999716965
